course_id,course_name,department,instructor
1,Tempsoft,Suite 50,Luciana Skyram
2,Zamit,Suite 58,Tommie Duro
3,Sonsing,Room 960,Liv Hann
4,Bamity,Suite 56,Susi Holstein
5,Konklab,Room 138,Darin Caukill
6,Bamity,19th Floor,Hanny Dandie
7,Pannier,Room 778,Wandie Sinfield
8,Asoka,13th Floor,Ebeneser Bezant
9,Veribet,Suite 32,Auguste Ewbanck
10,Sonair,Apt 1570,Nert Welfair
11,Voltsillam,Room 314,Aveline Deakin
12,Veribet,15th Floor,Etan Pendered
13,Alpha,Room 228,Roderick Beilby
14,Namfix,16th Floor,Evangelin Whatsize
15,Zathin,Suite 14,Frazier Pichan
16,Pannier,PO Box 15338,Evey Longrigg
17,Keylex,Apt 997,Alidia Kench
18,Sonair,PO Box 47023,Ezekiel Cristoferi
19,Bytecard,Apt 436,Devlen Byars
20,Lotstring,8th Floor,Tabbitha Terbeck
21,Quo Lux,Suite 32,Stanford Cona
22,Tin,Apt 629,Elisa Billings
23,Bamity,8th Floor,Isidore Brinkley
24,Wrapsafe,Apt 1401,Codi Gobbet
25,Overhold,Apt 1333,Alisa Packe
26,Tin,Apt 918,Howey Duiguid
27,Job,11th Floor,Atlanta Kinghorne
28,Tres-Zap,16th Floor,Cyndy Fibbitts
29,Kanlam,Apt 604,Emily Raimbauld
30,Regrant,9th Floor,Rhiamon Ebdon
31,Alpha,Apt 1661,Kahaleel Gilbert
32,Opela,Suite 67,Staford McFadzean
33,Konklab,Suite 77,Garfield Plak
34,Flexidy,11th Floor,Collete Kift
35,Tempsoft,Room 413,Bancroft Cushe
36,Alphazap,PO Box 93135,Nanny Pavlitschek
37,Rank,Room 1758,Vassily Lidgett
38,Konklux,Suite 91,Ignatius Gravenell
39,Y-Solowarm,PO Box 8891,Daryn Tanswell
40,Treeflex,Apt 1448,Reagan McNysche
41,Solarbreeze,PO Box 89410,Gerty Tulloch
42,Fintone,18th Floor,Christine Poyner
43,Flexidy,Apt 1880,Orly Petru
44,Kanlam,3rd Floor,Etta Mathonnet
45,Zamit,4th Floor,Josee Chuck
46,Holdlamis,Room 601,Lydia Nother
47,Tempsoft,13th Floor,Kayle Rodson
48,Daltfresh,Room 111,Eziechiele Whitney
49,Greenlam,Suite 64,Katinka Greves
50,Bytecard,PO Box 84826,Arluene Children
51,Greenlam,Apt 1046,Dall Critzen
52,Konklux,Suite 94,Kevina MacGilmartin
53,Latlux,11th Floor,Iver Whewell
54,Wrapsafe,Apt 299,Maryl Maltster
55,Duobam,Room 519,Franzen Phillip
56,Bigtax,PO Box 67391,Ignatius Cail
57,Treeflex,PO Box 55371,Pernell Swinnerton
58,Lotstring,Room 1820,Heinrick Starmont
59,Stringtough,PO Box 14693,Gabby Pugh
60,Zamit,Suite 53,Sigismundo Muschette
61,Fintone,8th Floor,Tucky Henrion
62,Opela,Room 1220,Gabbie Morando
63,Alpha,Apt 309,Selma Garci
64,Treeflex,PO Box 20903,Chickie Hutsby
65,Vagram,11th Floor,Palm Ayrton
66,Mat Lam Tam,Suite 30,Nelle Folk
67,Veribet,Suite 39,Rakel Steels
68,Voyatouch,Room 1374,Etienne Devanney
69,Keylex,PO Box 14653,Rona Haddington
70,Aerified,7th Floor,Demetrius Mash
71,Tin,PO Box 88981,Stephana Macknish
72,Viva,Suite 34,Tedmund Klemke
73,Solarbreeze,PO Box 40535,Coral Boyer
74,Treeflex,20th Floor,Ely Tanslie
75,Cookley,Apt 1571,Brit Rickets
76,Daltfresh,Suite 66,Zulema Carrack
77,Mat Lam Tam,Room 1874,Audy Bellworthy
78,Y-Solowarm,Suite 66,Eustace Renny
79,Bitchip,Suite 75,Ermina Olding
80,Fintone,Suite 70,Ashley Erett
81,Namfix,16th Floor,Markos Guly
82,Stronghold,3rd Floor,Karena Lorinez
83,Duobam,PO Box 77947,Brittni Barwell
84,Solarbreeze,Suite 87,Lishe Peschet
85,Tres-Zap,PO Box 99522,Reina Flisher
86,Bitwolf,7th Floor,Jaine Marcoolyn
87,Asoka,PO Box 16916,Drusie Lembcke
88,Span,Suite 26,Meryl Stringfellow
89,Regrant,Room 1236,Ric Bartoszewski
90,It,Room 1880,Desmond Velden
91,Solarbreeze,18th Floor,Travers Kivelhan
92,Flexidy,PO Box 59674,Ceil Ciric
93,Voltsillam,PO Box 53170,Rossie Laughrey
94,Y-Solowarm,PO Box 22682,Kimball Filchagin
95,Voyatouch,Room 1961,Colline Downey
96,Trippledex,Room 741,Colline Theodore
97,Subin,Room 183,Edsel Silcock
98,Toughjoyfax,PO Box 6102,Meredithe Gloves
99,Regrant,PO Box 89341,Loy Cairney
100,Viva,Room 26,Lula Lauder
