user_id,username,registration_date,country
1,fpauncefort0,2023-06-03,Nigeria
2,agreenhalf1,2023-08-21,China
3,bpapps2,2023-09-09,Indonesia
4,bbonnin3,2022-11-30,Indonesia
5,mmackniely4,2023-07-26,Sweden
6,tlethby5,2023-03-07,Japan
7,himmings6,2023-05-03,China
8,mcourtier7,2023-04-08,Philippines
9,gconstantine8,2023-08-24,Philippines
10,egettins9,2022-12-25,Indonesia
11,mmabena,2023-02-27,France
12,ccraigheadb,2023-02-16,Ukraine
13,bberreyc,2023-05-08,China
14,bchurchind,2022-12-30,China
15,wsapsforde,2023-04-06,Estonia
16,kgounotf,2023-01-14,China
17,rfrickg,2023-08-23,Indonesia
18,lwalbrookh,2023-04-29,Indonesia
19,gsalvagei,2023-07-30,Lithuania
20,acasonij,2023-10-20,Russia
21,rlauritzenk,2023-10-24,China
22,srymelll,2023-07-08,Mexico
23,agliddonm,2023-07-15,China
24,ccoren,2023-07-31,Indonesia
25,ndodgsono,2023-08-18,Guatemala
26,mprosep,2023-01-06,Indonesia
27,rpabelikq,2023-04-08,China
28,dmasonr,2023-09-17,Nicaragua
29,ivillas,2023-09-29,Nigeria
30,nprynt,2023-04-09,Indonesia
31,iumfreyu,2023-04-15,Peru
32,gflindersv,2023-10-15,Jamaica
33,cporkissw,2022-12-28,Mexico
34,dshortinx,2023-10-25,Germany
35,rdrancey,2023-10-28,France
36,mharriskinez,2023-06-04,United States
37,sgillespey10,2023-06-23,Botswana
38,iledson11,2023-09-20,China
39,mhadgraft12,2023-07-21,China
40,mmaccaughan13,2023-03-29,Ireland
41,gbudgey14,2023-08-22,Russia
42,mblader15,2023-11-02,Indonesia
43,mgiraudy16,2023-03-10,Pakistan
44,pmatticci17,2023-03-10,Germany
45,npilkington18,2023-04-22,Honduras
46,mbedingfield19,2022-11-15,China
47,gmegany1a,2023-10-23,Iran
48,eshillabeer1b,2023-04-29,China
49,shagyard1c,2023-11-04,China
50,jbeningfield1d,2023-11-01,Ecuador
51,fpassie1e,2023-05-13,Mali
52,omarusyak1f,2023-07-25,China
53,hsowley1g,2023-03-05,Kazakhstan
54,kdielhenn1h,2023-03-06,China
55,slethbridge1i,2022-12-25,China
56,jalmond1j,2023-06-05,Brazil
57,astill1k,2023-02-18,Peru
58,cturney1l,2023-05-20,Philippines
59,vhavercroft1m,2023-02-07,Egypt
60,amulbry1n,2023-03-09,Uganda
61,mcranmere1o,2023-02-02,Philippines
62,dcrown1p,2023-07-24,China
63,aricht1q,2023-02-26,Indonesia
64,tpostans1r,2023-10-21,Indonesia
65,ecamplin1s,2023-06-27,Denmark
66,rgove1t,2023-02-04,Syria
67,asabathe1u,2023-04-18,France
68,gmalloch1v,2023-02-20,Philippines
69,srobak1w,2023-01-27,Indonesia
70,jbrewood1x,2023-08-07,Philippines
71,ekensy1y,2023-01-20,Philippines
72,falberts1z,2023-03-26,China
73,bpagitt20,2023-08-25,Indonesia
74,rlanon21,2023-09-16,France
75,bimpey22,2023-07-19,Indonesia
76,wmendel23,2022-11-15,Brazil
77,hbastick24,2023-01-28,Philippines
78,fnoen25,2023-10-20,Brazil
79,hbundey26,2023-08-28,Czech Republic
80,pweighell27,2023-08-07,Peru
81,jpostlethwaite28,2022-12-30,Czech Republic
82,sfender29,2023-06-19,China
83,chyde2a,2023-10-02,China
84,csize2b,2023-05-26,South Africa
85,ltanzig2c,2023-04-30,Albania
86,drucklidge2d,2022-11-15,Indonesia
87,jbendle2e,2023-08-03,Mongolia
88,srosier2f,2023-05-12,Jordan
89,jberkery2g,2023-07-11,Portugal
90,ybarlie2h,2023-07-12,Brazil
91,xwybern2i,2022-12-26,Norway
92,dhaygreen2j,2023-03-31,Philippines
93,rgritland2k,2023-05-03,China
94,fburwood2l,2023-06-16,Zimbabwe
95,bwastall2m,2023-09-25,China
96,gvergine2n,2023-06-01,China
97,cbraz2o,2023-03-06,Greece
98,gjelkes2p,2023-11-08,Martinique
99,pnorthage2q,2023-05-31,Greece
100,tranfield2r,2023-05-11,Japan
101,aputterill2s,2023-07-04,Uzbekistan
102,mconklin2t,2023-02-06,China
103,dhardbattle2u,2023-09-23,Sweden
104,cearles2v,2023-07-15,Philippines
105,jminico2w,2023-05-19,China
106,apolye2x,2022-12-03,United States
107,dwahncke2y,2023-02-14,Japan
108,btumayan2z,2023-06-16,Indonesia
109,mjinda30,2023-02-18,Russia
110,ndugdale31,2023-02-02,China
111,tbowers32,2023-05-13,Philippines
112,htuminelli33,2023-08-07,China
113,cgoulborn34,2023-07-30,Serbia
114,mdelaeglise35,2023-08-27,Guatemala
115,gspon36,2023-03-20,Philippines
116,hlanyon37,2023-08-12,Indonesia
117,sdauber38,2023-09-26,China
118,fmerit39,2023-01-18,Yemen
119,lgrewar3a,2023-01-14,Thailand
120,mmickelwright3b,2022-11-16,Albania
121,arupert3c,2023-03-09,Slovenia
122,abartelli3d,2023-08-16,Uganda
123,bhatcliffe3e,2023-03-23,United States
124,brushbrook3f,2023-10-16,China
125,dmacguffog3g,2023-05-28,Germany
126,mlanchbury3h,2023-06-12,Hungary
127,rpendleton3i,2023-08-20,Russia
128,nbownd3j,2023-02-17,Peru
129,ksleicht3k,2023-05-28,Indonesia
130,gadriaan3l,2023-04-07,China
131,fcannings3m,2023-04-01,Peru
132,dpargetter3n,2023-03-15,Moldova
133,tbridewell3o,2023-03-02,New Zealand
134,dmabley3p,2023-02-04,Philippines
135,gdominico3q,2023-11-12,United States
136,pcawthorne3r,2023-06-23,China
137,ihellwig3s,2023-05-31,Indonesia
138,candriulis3t,2023-07-18,China
139,vplane3u,2023-07-19,Russia
140,jcockling3v,2023-01-23,Slovenia
141,ransill3w,2023-10-13,Ukraine
142,mivanenko3x,2023-04-14,Philippines
143,vkorous3y,2023-03-22,Indonesia
144,benglishby3z,2023-05-23,Brazil
145,egiacomuzzi40,2023-11-10,Peru
146,abethell41,2023-06-25,Sweden
147,rtink42,2023-01-08,China
148,sjacks43,2023-06-07,Mexico
149,abernardoni44,2023-06-12,China
150,rsollam45,2023-06-24,Pakistan
151,gantoni46,2022-12-17,Canada
152,jmeadway47,2023-07-02,Greece
153,mgott48,2023-06-07,China
154,ashadrack49,2023-01-19,Nigeria
155,beckhard4a,2023-06-07,Peru
156,wpinder4b,2023-06-13,Japan
157,bgilley4c,2023-06-26,Russia
158,bpencost4d,2023-03-23,China
159,jserotsky4e,2022-12-21,China
160,ctweed4f,2023-03-25,China
161,fmatyashev4g,2022-12-03,Indonesia
162,midel4h,2023-07-21,China
163,dwolver4i,2023-11-05,Indonesia
164,khaughian4j,2022-12-20,China
165,fguslon4k,2023-02-18,Ireland
166,mspringer4l,2023-06-30,Poland
167,kmorrill4m,2022-11-24,South Korea
168,raimeric4n,2023-03-11,Canada
169,ceveringham4o,2023-03-22,Armenia
170,ncrosfeld4p,2022-12-24,Ethiopia
171,mtenant4q,2023-05-29,France
172,efarrah4r,2023-04-13,China
173,tcucuzza4s,2023-07-02,Poland
174,hgraal4t,2023-03-29,Philippines
175,sginnaly4u,2023-07-18,China
176,jdowears4v,2023-03-14,Greece
177,rsockell4w,2023-04-17,China
178,mjoist4x,2023-09-05,Estonia
179,ashayes4y,2023-11-10,Indonesia
180,mlembcke4z,2023-07-31,China
181,egambles50,2023-09-24,Russia
182,mcringle51,2023-05-09,Kazakhstan
183,hfitzsymonds52,2023-08-21,Hungary
184,jvanbruggen53,2023-10-01,Azerbaijan
185,lluffman54,2023-07-14,Netherlands
186,ncranmore55,2023-01-22,Indonesia
187,stebbs56,2023-09-25,Argentina
188,whaydon57,2023-04-03,Indonesia
189,kwale58,2023-03-03,Philippines
190,dhein59,2023-01-04,Albania
191,wgunda5a,2023-03-27,Venezuela
192,aallin5b,2023-03-26,Indonesia
193,gkerford5c,2023-05-02,Greece
194,saldcorn5d,2023-09-30,Bolivia
195,nbrickhill5e,2023-03-17,China
196,fcortese5f,2023-10-27,Czech Republic
197,jsothern5g,2023-09-08,Indonesia
198,ddanks5h,2023-02-17,France
199,msalvin5i,2023-11-10,Philippines
200,irobjohns5j,2023-05-24,Indonesia
201,pcolyer5k,2023-07-13,Indonesia
202,tferraraccio5l,2023-04-15,Philippines
203,sgoulston5m,2023-05-05,United States
204,shucklesby5n,2023-02-01,Spain
205,adiggons5o,2023-11-11,China
206,vplayhill5p,2022-12-31,China
207,wjephson5q,2023-11-10,Poland
208,dmcturk5r,2023-07-03,Senegal
209,gloftin5s,2023-07-30,China
210,mshurey5t,2023-10-08,France
211,dcoram5u,2023-07-16,Afghanistan
212,tkoppes5v,2023-04-26,Colombia
213,dcarratt5w,2022-12-08,Poland
214,jdaughtrey5x,2023-01-15,Indonesia
215,cdarte5y,2023-02-19,China
216,eduffrie5z,2023-07-07,Greece
217,kstopps60,2022-11-23,Nigeria
218,jloughman61,2023-04-23,Indonesia
219,cnewlands62,2023-06-27,Indonesia
220,etournie63,2023-09-24,China
221,gshivlin64,2023-06-29,Greece
222,pklimkin65,2023-02-12,Colombia
223,aiorns66,2023-06-08,Benin
224,mlegat67,2023-07-25,Ecuador
225,arigg68,2023-10-30,China
226,geasen69,2022-12-27,Nigeria
227,lzorzi6a,2023-05-23,Slovenia
228,bforsbey6b,2023-10-03,Sweden
229,asalterne6c,2023-04-25,Faroe Islands
230,sdrinan6d,2023-08-10,Tunisia
231,tallbrook6e,2023-05-25,Indonesia
232,hsimpkins6f,2023-08-26,China
233,msaer6g,2023-02-01,Russia
234,ibergeau6h,2023-04-15,Cameroon
235,nivimey6i,2023-03-10,Poland
236,winstock6j,2022-11-24,China
237,nsymones6k,2022-12-02,Denmark
238,kakrigg6l,2023-05-07,China
239,dgavan6m,2023-01-28,Portugal
240,rsebire6n,2023-09-10,Botswana
241,hchadd6o,2023-07-22,Indonesia
242,lblockley6p,2023-08-08,Russia
243,battaway6q,2023-03-25,Cuba
244,eogrady6r,2023-08-12,Democratic Republic of the Congo
245,gchansonne6s,2023-05-13,Poland
246,jheather6t,2022-12-17,Honduras
247,dlowing6u,2023-09-05,Sweden
248,bfrift6v,2023-07-15,Indonesia
249,ecanacott6w,2023-05-27,China
250,mwyke6x,2023-04-07,Netherlands
251,bgloyens6y,2023-03-19,China
252,btimbridge6z,2023-04-28,Poland
253,wperryn70,2023-07-02,Brazil
254,eilyuchyov71,2023-09-06,Brazil
255,ldufaur72,2023-08-15,United States
256,nlaviss73,2023-10-16,Indonesia
257,csilwood74,2023-03-13,China
258,lculkin75,2023-07-26,China
259,mmattingly76,2023-06-17,Indonesia
260,pkirley77,2023-09-18,Russia
261,ffarron78,2023-02-18,Indonesia
262,jwildbore79,2023-09-28,Philippines
263,rwicken7a,2023-02-06,Indonesia
264,cnisen7b,2023-09-03,Brazil
265,vcollocott7c,2023-07-04,Indonesia
266,amilbourn7d,2023-01-21,Russia
267,gbelmont7e,2023-04-13,Afghanistan
268,gbrimilcombe7f,2023-07-01,Indonesia
269,rfeldhorn7g,2023-09-17,Philippines
270,cvye7h,2023-02-23,China
271,vforrest7i,2023-07-30,Chile
272,abeeton7j,2023-05-27,Indonesia
273,gblaszczynski7k,2023-03-01,Ethiopia
274,jplanque7l,2023-09-27,China
275,marson7m,2022-12-19,China
276,ejanoch7n,2023-07-28,China
277,bruffler7o,2022-12-28,Brazil
278,rbenthall7p,2023-05-22,Bulgaria
279,mbourbon7q,2023-01-10,China
280,aivons7r,2022-12-10,Indonesia
281,jreilly7s,2023-06-04,Russia
282,kbarkshire7t,2023-06-24,Indonesia
283,pisaq7u,2023-09-29,Indonesia
284,wcluley7v,2023-05-30,Honduras
285,lbruinemann7w,2022-11-27,Portugal
286,ecutbirth7x,2023-07-15,China
287,crockall7y,2023-01-01,Japan
288,nflemmich7z,2023-04-29,Portugal
289,kgrane80,2023-05-04,Germany
290,tweeks81,2023-03-13,France
291,rwhiteoak82,2023-07-22,United States
292,grooson83,2023-10-15,China
293,edowry84,2023-07-16,Thailand
294,bmerrall85,2023-03-08,Indonesia
295,tdulinty86,2023-02-01,Brazil
296,ccayle87,2023-03-04,Brazil
297,ghitzmann88,2023-01-19,Indonesia
298,csignori89,2023-01-04,China
299,ebraybrooke8a,2023-08-20,Indonesia
300,cdunford8b,2023-06-12,Sweden
301,cbence8c,2022-11-30,China
302,cgayler8d,2023-04-03,Poland
303,rbosma8e,2023-01-31,France
304,oguntrip8f,2023-11-11,Morocco
305,cvuittet8g,2023-09-23,Philippines
306,spickin8h,2023-03-28,Thailand
307,gbrigginshaw8i,2023-06-18,Indonesia
308,lduckerin8j,2023-08-26,Russia
309,emalsher8k,2023-01-04,Malaysia
310,chumphery8l,2023-09-01,Brazil
311,kcotman8m,2023-02-26,Brazil
312,hakast8n,2023-02-20,Czech Republic
313,pkissack8o,2023-08-19,Honduras
314,gtemple8p,2023-06-28,Nigeria
315,bnash8q,2023-01-11,Indonesia
316,cphipps8r,2023-10-27,Dominican Republic
317,lmicco8s,2023-02-15,Sweden
318,kshovlin8t,2023-06-09,Macedonia
319,ebroadhead8u,2023-04-02,China
320,jkleinstein8v,2023-03-24,Russia
321,akillough8w,2023-07-27,Russia
322,icuruclis8x,2023-02-02,Indonesia
323,pketchen8y,2022-12-11,China
324,dbloxsom8z,2023-07-04,Indonesia
325,hgisbey90,2022-11-17,Mexico
326,rleighfield91,2023-09-05,China
327,cblomefield92,2022-12-12,Russia
328,bdearl93,2023-07-01,Argentina
329,mcurrall94,2023-06-16,Indonesia
330,aalderton95,2023-07-14,Kuwait
331,jfayerbrother96,2023-06-05,Tunisia
332,tgiraudat97,2023-07-12,United States
333,zmacalpin98,2023-04-21,China
334,gsifflett99,2022-12-13,Russia
335,dgollop9a,2023-02-04,Burkina Faso
336,gedgecombe9b,2023-11-03,Russia
337,lnayshe9c,2023-10-26,China
338,mpacquet9d,2023-04-16,France
339,sburras9e,2023-10-01,Venezuela
340,delwin9f,2023-07-01,Lithuania
341,kmerrywether9g,2023-05-24,China
342,eleishman9h,2023-08-24,China
343,kgent9i,2023-07-28,Mongolia
344,lricca9j,2023-01-01,Brazil
345,elumsdall9k,2023-01-09,Czech Republic
346,nandras9l,2022-12-29,Portugal
347,cgraeser9m,2023-09-26,Indonesia
348,astobbie9n,2023-04-09,China
349,ccraske9o,2023-06-01,Bangladesh
350,bhoulison9p,2023-04-05,Japan
351,thardson9q,2023-04-18,Kazakhstan
352,bcassella9r,2023-05-07,China
353,dwheatland9s,2023-08-28,Nigeria
354,stattam9t,2023-10-17,Albania
355,mlhomme9u,2023-01-27,Russia
356,ehallin9v,2023-06-13,Russia
357,mossipenko9w,2023-07-29,Russia
358,mtambling9x,2023-08-04,Portugal
359,asteer9y,2022-12-31,China
360,krea9z,2022-12-25,Nigeria
361,bswedelanda0,2023-05-24,Greece
362,jmeeusa1,2023-03-30,Indonesia
363,dtreasurea2,2023-08-15,China
364,phartburna3,2023-06-27,China
365,danscombea4,2023-06-24,Australia
366,josgodbya5,2022-11-27,France
367,avlahosa6,2023-10-09,China
368,asimeceka7,2023-01-16,China
369,trultena8,2023-09-06,Uzbekistan
370,mrosborougha9,2023-10-17,Ukraine
371,rmohunaa,2023-08-07,China
372,ahitscherab,2023-07-24,United States
373,gcorkittac,2023-02-27,Ukraine
374,ptabbernorad,2023-04-12,Indonesia
375,ahayleyae,2023-11-07,Vietnam
376,estihlaf,2023-04-23,Azerbaijan
377,trickertag,2023-06-19,China
378,kcanetah,2023-02-27,China
379,bbondleyai,2023-10-09,Peru
380,alimbertaj,2023-10-01,Iran
381,lnewlynak,2023-02-27,China
382,dvayneal,2023-01-03,Russia
383,pyokelam,2023-08-30,Sweden
384,bpywellan,2023-01-28,Pakistan
385,rhendrikao,2023-09-25,Pakistan
386,lcorradiap,2023-07-04,Uzbekistan
387,kgabbitasaq,2023-07-25,Pakistan
388,bmartinsonar,2023-10-31,Zimbabwe
389,csarjantas,2023-06-30,China
390,etenchat,2023-08-01,China
391,dharrowsmithau,2023-05-10,Costa Rica
392,drichemondav,2023-09-22,Honduras
393,hmcintoshaw,2023-06-26,Thailand
394,wungarettiax,2022-12-29,Japan
395,rpeggay,2023-06-20,China
396,qcrowchaz,2023-02-18,Vietnam
397,dmacveyb0,2023-07-26,Sweden
398,kcardnob1,2023-04-19,Colombia
399,wwateridgeb2,2023-09-17,Poland
400,mrivallandb3,2023-06-16,United Kingdom
401,alentschb4,2023-06-26,Sweden
402,jebourneb5,2023-09-06,Philippines
403,hfominovb6,2023-09-13,China
404,wclarkeb7,2022-12-09,Nigeria
405,agentiryb8,2023-05-31,Nigeria
406,othickpennyb9,2023-08-21,China
407,ktayloeba,2023-06-24,Russia
408,psammarsbb,2023-02-12,Honduras
409,okneelbc,2022-11-28,Indonesia
410,gfurybd,2022-12-09,China
411,cferrillobe,2023-03-21,Indonesia
412,mtwidellbf,2023-09-12,Indonesia
413,egarnettbg,2023-07-09,Armenia
414,nlackingtonbh,2023-01-19,Kenya
415,jtamlettbi,2023-05-03,China
416,mbalogunbj,2023-03-13,China
417,hthomersonbk,2023-06-25,Portugal
418,jcodybl,2023-04-22,Czech Republic
419,myeliashevbm,2023-04-18,Indonesia
420,asangwinbn,2023-01-17,China
421,tstangebo,2023-05-29,China
422,grollettbp,2023-05-01,Indonesia
423,gthrippbq,2023-03-15,China
424,adaffornebr,2023-08-14,Colombia
425,sbarczewskibs,2023-06-20,Tajikistan
426,ekoopmanbt,2023-02-23,El Salvador
427,msheepybu,2022-12-03,Philippines
428,ebetancourtbv,2023-08-31,Iran
429,tstillerbw,2023-04-22,Poland
430,rlaxstonbx,2022-11-17,Peru
431,gberrisfordby,2023-09-15,Sierra Leone
432,cvanweedenburgbz,2023-01-17,Brazil
433,dbainec0,2023-05-31,Russia
434,cgawthorpc1,2023-09-26,Dominican Republic
435,kkeatonc2,2023-07-31,Ivory Coast
436,mdaffornec3,2023-08-18,Colombia
437,sfullagarc4,2023-09-21,Brazil
438,pbrosec5,2022-12-14,China
439,eashallc6,2023-07-03,Philippines
440,ufleyc7,2023-01-27,Bosnia and Herzegovina
441,gtounc8,2023-08-07,Peru
442,mmeecherc9,2023-08-22,Macedonia
443,rbarocca,2023-01-08,United States
444,ncossonscb,2023-07-24,Philippines
445,iaggettcc,2023-10-07,Philippines
446,jchinacd,2023-05-17,Mexico
447,llicciardielloce,2023-06-07,Belarus
448,nomullencf,2022-12-02,China
449,bsnarttcg,2023-05-19,France
450,rrorkech,2023-02-19,Philippines
451,mchallicumci,2023-10-28,Azerbaijan
452,jdulycj,2022-12-31,China
453,sbaseyck,2023-05-23,Ukraine
454,rgoodsalcl,2023-06-27,Sweden
455,hsamsincm,2023-02-10,China
456,gpercifercn,2022-11-19,China
457,dtidbaldco,2023-02-17,Angola
458,cprendevillecp,2023-09-17,Mongolia
459,amaggiorecq,2023-09-13,Bangladesh
460,ffosscr,2023-09-27,Brazil
461,owifecs,2023-09-29,China
462,tderobertct,2023-04-08,Afghanistan
463,cramoscu,2023-02-15,Philippines
464,tbarehamcv,2023-02-20,Brazil
465,mdilowaycw,2023-01-20,Venezuela
466,gdemeadcx,2022-11-29,Bangladesh
467,nravenscroftcy,2023-09-14,Ireland
468,mcomellocz,2023-02-04,Japan
469,hmackellerd0,2022-12-28,Poland
470,lairthd1,2023-06-05,Peru
471,jsutcliffd2,2023-10-19,Ethiopia
472,krowlerd3,2022-12-22,Indonesia
473,brobottomd4,2022-12-11,Thailand
474,jabrahartd5,2023-07-29,Russia
475,mdobingd6,2023-08-09,Slovenia
476,kstovelld7,2023-09-18,Indonesia
477,astollenbeckd8,2023-01-03,Indonesia
478,mhoffd9,2023-01-21,Sweden
479,aleatheda,2023-02-02,Peru
480,sroxbydb,2023-01-07,Colombia
481,lgiottinidc,2022-12-23,China
482,aalsoppdd,2023-03-23,Jordan
483,mdennisonde,2023-06-14,China
484,bdelouchdf,2023-07-06,Albania
485,abrooksbankdg,2023-10-29,Iran
486,dcessdh,2023-08-17,Poland
487,rtofflerdi,2023-06-10,China
488,bbreslaudj,2023-10-23,Indonesia
489,flambiedk,2022-11-23,Russia
490,cdaverandl,2023-07-21,Portugal
491,ygribbondm,2023-07-12,China
492,doverstreetdn,2023-04-12,Indonesia
493,mwrenchdo,2023-09-27,Albania
494,csinkinsondp,2023-07-05,Ireland
495,cbartlomiejczykdq,2023-08-09,Thailand
496,cvedenisovdr,2023-11-09,Thailand
497,cjentonds,2023-10-26,Slovenia
498,idurberdt,2023-09-16,Russia
499,jcakebreaddu,2022-12-01,Indonesia
500,hpletdv,2023-02-11,Poland
501,dgadsondw,2023-04-22,Poland
502,njarvisdx,2023-06-22,Australia
503,aeadesdy,2023-07-01,Dominican Republic
504,cebbersdz,2023-04-21,China
505,lfere0,2022-12-18,China
506,lpenfolde1,2023-05-26,Tanzania
507,dlarkworthye2,2023-01-01,Philippines
508,bmoodiee3,2023-04-07,Indonesia
509,bkeepine4,2023-08-23,Brazil
510,jspalle5,2023-04-21,Russia
511,rneelye6,2023-03-09,Brazil
512,gmccurriee7,2023-05-23,Poland
513,cgiovanie8,2023-04-28,China
514,tcamine9,2023-08-13,Philippines
515,fnoteea,2023-01-04,Indonesia
516,ddallineb,2023-05-14,China
517,ekirschec,2023-11-08,Greece
518,plilianed,2022-11-20,Indonesia
519,bworsfieldee,2023-11-06,China
520,cdmtrovicef,2023-01-04,China
521,bgarnhameg,2023-01-13,Kenya
522,gmargerrisoneh,2023-11-13,Indonesia
523,vkellei,2023-04-17,Japan
524,kcadyej,2023-01-09,Tajikistan
525,ncornockek,2023-04-26,Indonesia
526,mreimerel,2023-01-08,Vietnam
527,dsemirasem,2022-12-06,Venezuela
528,jvernauen,2023-10-10,China
529,fwristeo,2023-01-04,Philippines
530,kwallisep,2022-11-23,Indonesia
531,scraiggeq,2023-11-10,Slovenia
532,sadrianelloer,2023-02-15,South Korea
533,mgrigges,2022-12-19,Guatemala
534,pciccoet,2022-12-24,Nicaragua
535,wgilfordeu,2022-12-14,China
536,cfantiev,2023-11-13,Syria
537,mgaishew,2023-09-17,Japan
538,dthrustleex,2023-07-25,Colombia
539,cnonoey,2023-03-09,Brazil
540,emarcusez,2023-01-06,France
541,lserrellf0,2023-09-30,Portugal
542,adruittf1,2023-06-14,China
543,rportisf2,2023-07-07,Cuba
544,mseathf3,2023-08-26,Papua New Guinea
545,rbernardotf4,2023-06-24,Japan
546,astackbridgef5,2023-09-24,China
547,mstiegarf6,2023-11-08,South Korea
548,lmeriothf7,2023-04-19,Ukraine
549,cswallwellf8,2023-02-07,China
550,adudenief9,2023-09-05,Germany
551,cbacksonfa,2023-03-14,Canada
552,mrodgersonfb,2023-11-06,Belarus
553,lpullarfc,2023-02-19,Indonesia
554,aerskinefd,2022-12-08,China
555,ggraystonfe,2023-07-09,Tanzania
556,civanetsff,2023-10-22,Indonesia
557,elindemanfg,2023-02-08,Argentina
558,ktrailfh,2023-11-04,Jordan
559,cnarbettfi,2023-02-12,Poland
560,mgiovanittifj,2023-08-26,Nigeria
561,ltesterfk,2023-06-13,Tunisia
562,cknightsbridgefl,2022-11-22,Portugal
563,everofm,2023-08-29,Mexico
564,abonnefinfn,2023-05-19,France
565,lcopcotefo,2022-12-29,Sweden
566,mcardenozafp,2023-07-13,China
567,frivesfq,2023-04-20,China
568,tmatkinfr,2023-10-04,Philippines
569,ifullagerfs,2023-07-06,Gambia
570,cconnachanft,2023-04-10,Canada
571,dmughalfu,2022-11-15,Albania
572,bfortunfv,2023-07-13,Jordan
573,imiddleweekfw,2023-10-30,Indonesia
574,usiebertfx,2023-11-12,Republic of the Congo
575,dconnochiefy,2023-05-17,Greece
576,gcheaterfz,2023-10-19,China
577,avickeryg0,2022-12-27,Philippines
578,kwabbg1,2023-08-05,Brazil
579,lbennettsg2,2023-03-29,China
580,clorentg3,2023-11-10,Mongolia
581,ajirekg4,2023-04-17,Portugal
582,kcaghang5,2023-09-20,Sweden
583,ngidneyg6,2023-08-14,China
584,tayresg7,2023-10-06,Indonesia
585,menricg8,2023-05-28,Morocco
586,raverillg9,2023-10-07,Argentina
587,gaugustga,2023-07-22,Portugal
588,kalvaradogb,2023-08-17,Indonesia
589,knuschagc,2023-05-20,Greece
590,afraulogd,2023-08-30,France
591,slahivege,2023-10-15,Mongolia
592,ytiesgf,2023-02-10,Indonesia
593,hgilbeartgg,2023-06-08,Burundi
594,sjangh,2023-09-11,Ivory Coast
595,rcregingi,2023-05-14,Mongolia
596,aentisslegj,2023-08-28,China
597,hwillougheygk,2023-11-03,Ukraine
598,mdeegangl,2023-02-25,China
599,edrohungm,2023-06-24,Argentina
600,lchottygn,2023-06-30,Japan
601,atourlego,2023-01-26,Kazakhstan
602,sbeidebekegp,2023-04-20,Indonesia
603,nrydinggq,2023-02-10,United States
604,cwhittingtongr,2023-07-24,Russia
605,dcobbledgs,2022-12-03,Brazil
606,acoulthurstgt,2023-08-16,China
607,dbarbegu,2023-11-10,France
608,jspragggv,2022-12-25,Belarus
609,ddukesburygw,2023-05-28,Russia
610,pedmonsongx,2023-09-10,Belarus
611,ejuraszgy,2023-06-02,Cameroon
612,shierrogz,2023-02-09,Nepal
613,abroadbenth0,2023-06-02,Argentina
614,cgummh1,2023-06-21,El Salvador
615,troggeroh2,2023-01-22,Nigeria
616,jthoumash3,2023-02-12,China
617,kpykermanh4,2023-07-24,Finland
618,estanderingh5,2023-03-14,Kosovo
619,pmacgowh6,2023-03-15,Brazil
620,mroyh7,2022-12-15,Vietnam
621,tdudingh8,2023-02-09,Ukraine
622,kbodillh9,2022-12-31,China
623,sohallihaneha,2023-01-28,Mongolia
624,vrickardeshb,2023-11-02,United Kingdom
625,rbasirehc,2023-11-13,Nigeria
626,acromarhd,2023-11-12,Madagascar
627,udongallhe,2023-03-05,Indonesia
628,lwilseyhf,2023-06-20,Macedonia
629,bleythleyhg,2023-04-17,Indonesia
630,pfairclothhh,2023-02-25,South Africa
631,trassellhi,2023-03-21,China
632,nlassetterhj,2023-06-12,United States
633,cbrookzhk,2023-08-15,China
634,jsmurfithl,2023-05-05,Croatia
635,vhurlehm,2023-09-27,Hungary
636,ggariochhn,2023-08-07,China
637,epopplewellho,2023-01-29,Sweden
638,dsinnockhp,2023-02-04,Poland
639,ralphonsohq,2023-08-02,Brazil
640,csemberhr,2022-12-03,Poland
641,bjolliffehs,2023-08-30,Peru
642,deastonht,2023-01-09,Philippines
643,slivesleyhu,2023-07-25,Russia
644,kpaulehv,2023-09-12,Malawi
645,hhelmkehw,2022-12-30,Poland
646,rlotehx,2023-07-14,Portugal
647,ssinkhy,2023-01-29,China
648,fandrassyhz,2022-12-05,China
649,spoundsfordi0,2023-07-08,Philippines
650,kmylechreesti1,2023-05-23,Sweden
651,acastiblancoi2,2023-03-22,Japan
652,aleggsi3,2023-11-08,Japan
653,mclasseni4,2023-05-05,Norway
654,alafontainei5,2023-08-22,Indonesia
655,mabrahamsohni6,2023-06-04,Sweden
656,scraigsi7,2023-10-27,China
657,eblyi8,2023-05-04,Greece
658,bwickrathi9,2023-08-10,Russia
659,plamportia,2023-02-16,Latvia
660,kpidwellib,2022-12-04,United States
661,bdraynic,2023-09-21,China
662,gdelmontiid,2023-01-16,Reunion
663,astpaulie,2022-12-15,Uruguay
664,vthakeif,2023-03-31,United States
665,craoulig,2023-09-09,China
666,dbartakih,2023-09-16,Israel
667,pportsmouthii,2023-09-23,Venezuela
668,ahartoppij,2023-09-09,Indonesia
669,tbrahmik,2023-05-23,Palestinian Territory
670,vkeeneil,2023-04-26,Russia
671,mchaytorim,2023-05-25,Guatemala
672,gbenedyktowiczin,2023-07-30,Sweden
673,frousbyio,2023-08-15,Faroe Islands
674,dmowleip,2023-04-04,Indonesia
675,ltruwertiq,2023-07-22,Philippines
676,tcookir,2023-03-15,United States
677,cpickeringis,2023-10-03,United States
678,mhellicarit,2023-03-28,China
679,nheckiu,2023-03-30,Peru
680,nchattoeiv,2023-01-04,Philippines
681,mflemmingiw,2022-12-26,Philippines
682,teverexix,2023-02-04,Portugal
683,jbeechenoiy,2023-04-23,Indonesia
684,dconaiz,2023-01-08,Germany
685,jpablosj0,2023-07-25,China
686,lgierokj1,2023-03-02,France
687,rvedekhinj2,2022-12-14,Indonesia
688,sbramblej3,2022-12-26,Indonesia
689,ppinaj4,2023-11-07,Indonesia
690,hcuniffej5,2023-07-20,China
691,acromej6,2023-11-12,Canada
692,mgrosierj7,2023-09-07,France
693,aguynemerj8,2023-06-05,China
694,lattewj9,2023-01-26,China
695,bbarkessja,2023-04-12,United States
696,nferrierjb,2023-03-15,Colombia
697,khebardjc,2023-08-28,China
698,aharrowayjd,2023-07-31,Macedonia
699,wfransewichje,2023-07-19,Canada
700,mmorradjf,2023-09-27,France
701,seglinjg,2022-11-23,Ireland
702,rmacgilpatrickjh,2023-04-20,Japan
703,rstampji,2023-01-25,Indonesia
704,folenechanjj,2023-01-21,Morocco
705,sabbisonjk,2023-07-28,Peru
706,cdorneyjl,2023-03-15,Colombia
707,shardiejm,2023-05-05,China
708,skleimtjn,2023-08-01,France
709,bbustonjo,2023-04-18,Tunisia
710,fhaymesjp,2023-08-19,France
711,jcruttendenjq,2023-01-27,Russia
712,acardonjr,2022-12-30,United States
713,jdarlastonjs,2023-01-15,Canada
714,habbeyjt,2023-09-27,Niger
715,rblissettju,2023-09-29,Thailand
716,dbarradelljv,2023-01-05,Tajikistan
717,mbetjesjw,2023-10-14,Indonesia
718,trohlfingjx,2023-11-07,Slovakia
719,allewhellinjy,2023-04-28,Czech Republic
720,ymechelljz,2023-04-02,Indonesia
721,tleclairek0,2023-09-07,Brazil
722,mcluneyk1,2023-02-07,Japan
723,rbonassk2,2023-01-20,France
724,gstennerk3,2023-08-14,Sweden
725,acaffertyk4,2023-06-09,Indonesia
726,ppaasok5,2023-06-01,Philippines
727,aokeevank6,2023-10-06,Philippines
728,cliffeyk7,2023-10-03,Indonesia
729,ybouttellk8,2023-08-02,China
730,fspelwoodk9,2023-08-28,Indonesia
731,ssomerledka,2023-03-16,Indonesia
732,alepiscopiokb,2023-01-04,Greece
733,smeininkingkc,2023-08-18,Indonesia
734,wlarventkd,2023-07-20,Finland
735,vcuskeryke,2023-09-22,Brazil
736,smaddickskf,2023-02-20,Russia
737,yfarrinkg,2023-01-16,China
738,dstebbinkh,2023-01-05,China
739,lgrenshielski,2023-08-13,Brazil
740,tbennoughkj,2023-06-10,Colombia
741,vmcdugalkk,2023-09-04,France
742,ldifrancecshikl,2023-05-26,Philippines
743,chandykm,2023-01-30,France
744,lstorreskn,2023-04-27,Hungary
745,tpesterfieldko,2023-06-05,Portugal
746,askinglekp,2023-01-08,Nigeria
747,mgonzalokq,2023-01-17,Canada
748,loluwatoyinkr,2023-02-07,Vietnam
749,mbogeysks,2023-06-19,Croatia
750,amonnerykt,2022-12-02,China
751,tmeakingku,2023-02-09,Brazil
752,kryveskv,2023-09-19,France
753,sbiermatowiczkw,2023-11-10,Kosovo
754,dabramowkx,2023-05-27,United Kingdom
755,dwyeky,2022-12-24,Philippines
756,rpomerykz,2023-11-03,Indonesia
757,mbackesl0,2023-09-06,Indonesia
758,kwhittingtonl1,2023-03-09,Russia
759,cmallettl2,2023-04-19,South Korea
760,vludyl3,2022-11-19,Colombia
761,ljohanningl4,2023-04-27,Indonesia
762,eduesterl5,2023-04-10,Brazil
763,tdiscombel6,2023-02-26,France
764,sghiraldil7,2023-01-28,Japan
765,tfennessyl8,2023-08-16,Canada
766,tbanvillel9,2023-10-02,Malaysia
767,jmaaszla,2023-11-07,Bulgaria
768,crooklb,2023-09-18,Croatia
769,egandylc,2023-02-13,France
770,lthickingld,2023-01-07,Ukraine
771,csamsonle,2023-05-01,China
772,roluneylf,2023-03-22,Malaysia
773,tbinesteadlg,2023-09-15,South Korea
774,sbodelllh,2023-10-06,China
775,bwebsterli,2023-09-19,Bangladesh
776,rronaynelj,2023-06-21,Indonesia
777,dburdaslk,2022-11-23,Ireland
778,skubesll,2022-12-14,Greece
779,lolivazzilm,2022-12-22,China
780,cpillingtonln,2023-05-15,Sweden
781,spencostlo,2022-12-07,Indonesia
782,bsimionatolp,2023-06-09,China
783,fhammerichlq,2023-05-07,Dominican Republic
784,cmilsaplr,2023-01-05,Czech Republic
785,eranglels,2023-01-27,Poland
786,nharpinlt,2023-09-24,Brazil
787,fwealllu,2023-09-05,China
788,hkingdonlv,2023-03-28,Sweden
789,koranslw,2023-03-04,China
790,dcreaserlx,2023-04-09,Vietnam
791,lblenkensoply,2022-12-10,Belarus
792,sconeronlz,2023-03-15,China
793,kmacqueenm0,2023-09-17,Indonesia
794,nfeachamm1,2023-04-27,China
795,pczaplam2,2023-01-21,Croatia
796,mrobelinm3,2023-07-17,Vietnam
797,jpetowm4,2023-03-31,Canada
798,szavatterom5,2023-01-22,Uganda
799,mhabblem6,2023-05-01,Indonesia
800,dasletm7,2023-07-08,Afghanistan
801,dwaskettm8,2023-02-13,Norway
802,bannicem9,2023-10-05,Canada
803,mbastickma,2023-04-05,Mongolia
804,cmidnermb,2023-07-18,Palestinian Territory
805,pgwinnelmc,2023-05-03,Armenia
806,abarthelmd,2023-07-03,Tuvalu
807,zchateme,2023-05-18,United States
808,ctillymf,2023-01-10,China
809,rbogiemg,2023-04-17,Afghanistan
810,cbondmh,2023-06-02,Colombia
811,jsurplicemi,2023-07-26,Russia
812,cbenningermj,2023-06-30,China
813,kchastenetmk,2022-11-28,Jamaica
814,rbrownbillml,2023-04-09,Senegal
815,bmathiasenmm,2023-01-21,China
816,apettymn,2023-07-02,Sweden
817,kpladenmo,2023-08-16,Sweden
818,ofeifermp,2023-02-17,Thailand
819,kbartalonimq,2023-01-18,North Korea
820,ghucklebymr,2023-02-28,Indonesia
821,fwhyattms,2023-09-03,Czech Republic
822,qtwiddlemt,2023-08-26,Afghanistan
823,asinesmu,2023-11-03,China
824,shallawaysmv,2023-08-15,Burkina Faso
825,sclacemw,2023-07-20,Poland
826,halcaldemx,2023-07-13,Indonesia
827,tcompsonmy,2023-02-18,China
828,vpinchmz,2023-06-11,China
829,fweemsn0,2023-04-11,Costa Rica
830,tburkwoodn1,2023-04-26,Russia
831,hlangabeern2,2022-11-30,Malaysia
832,raireyn3,2023-09-26,Guatemala
833,lshergilln4,2023-01-07,China
834,cdanielotn5,2023-07-31,Philippines
835,lspencern6,2023-02-28,Russia
836,bdungayn7,2023-08-24,Philippines
837,agarrattyn8,2022-12-22,Colombia
838,mlaintonn9,2023-08-17,Poland
839,eheamna,2023-09-02,Indonesia
840,hlippittnb,2023-03-09,Portugal
841,grichmontnc,2023-09-29,Mexico
842,htilstonnd,2023-01-30,Czech Republic
843,jadnettne,2023-01-30,Japan
844,rpownf,2023-08-06,Indonesia
845,gmatushevichng,2023-10-11,South Korea
846,hrochesnh,2023-05-05,Afghanistan
847,cfrigotni,2023-09-18,Indonesia
848,lbellininj,2023-08-08,Indonesia
849,vleaningnk,2023-02-14,Argentina
850,nriallnl,2023-07-09,Colombia
851,atippellnm,2023-02-16,Russia
852,sevennettnn,2023-07-29,Poland
853,wbutchardno,2023-05-25,Philippines
854,maxelbeenp,2022-12-17,Yemen
855,djanissonnq,2023-01-16,China
856,obrontnr,2023-04-11,China
857,gslowanns,2022-11-26,Russia
858,jfitchettnt,2023-04-03,Iran
859,mshowalternu,2023-07-01,Poland
860,dneillansnv,2023-07-02,Poland
861,dpervewnw,2023-10-27,Indonesia
862,wsonnernx,2023-01-25,Brazil
863,wrenisonny,2023-05-11,Georgia
864,apoluzzinz,2022-12-21,France
865,mwealleanso0,2023-05-23,Armenia
866,fsyretto1,2023-01-07,Iraq
867,rcroalo2,2023-01-06,China
868,dbransono3,2023-02-19,Guatemala
869,ncastilljoo4,2022-12-03,Russia
870,tweinmanno5,2023-06-14,Tajikistan
871,jmccobbo6,2023-09-23,Argentina
872,otunyo7,2023-06-26,China
873,ehenkeno8,2023-08-17,Poland
874,aocrianeo9,2023-01-03,Philippines
875,mjankinoa,2022-11-23,Portugal
876,jmattiacciob,2023-01-01,China
877,vackermannoc,2022-12-24,China
878,lsaturleyod,2023-04-13,Ukraine
879,sbofieldoe,2023-02-19,China
880,jvillageof,2023-05-12,Indonesia
881,ggirardeyog,2023-07-22,Czech Republic
882,kgeeraertoh,2022-12-11,China
883,gcreeganoi,2023-07-21,Philippines
884,mprozesckyoj,2023-08-18,Serbia
885,ikensyok,2023-05-27,China
886,cfiremanol,2023-08-16,Costa Rica
887,bcarloneom,2023-01-23,Portugal
888,ecurnowon,2023-10-25,Ireland
889,afitzroyoo,2023-07-05,Portugal
890,eduffettop,2023-10-09,China
891,cpallatinaoq,2023-01-06,Philippines
892,iantoniouor,2023-09-24,Mexico
893,slydiardos,2023-06-18,Ireland
894,mscamadenot,2023-07-10,Poland
895,tkoubekou,2023-08-03,Greece
896,kdepaoliov,2023-01-07,Poland
897,mcavenow,2023-06-24,Sweden
898,afeasbyox,2023-11-03,Portugal
899,lohanniganoy,2023-07-30,Mauritius
900,ntordoffoz,2023-02-21,Australia
901,lgoodlifep0,2023-10-29,Macedonia
902,csaketp1,2023-11-13,Tunisia
903,ljamblinp2,2023-08-17,Greenland
904,oklugelp3,2023-01-21,Cambodia
905,wduxfieldp4,2023-02-11,Peru
906,agrenshieldsp5,2023-03-25,Yemen
907,mhardwayp6,2023-04-01,China
908,prackstrawp7,2023-08-11,Swaziland
909,ahoodspethp8,2023-02-14,Myanmar
910,mveschambesp9,2023-05-15,Germany
911,anewboldpa,2023-03-24,Russia
912,ayurchishinpb,2022-12-20,China
913,fmacfaulpc,2023-03-02,Indonesia
914,arunacrespd,2023-05-04,Philippines
915,awilkisonpe,2022-12-03,Czech Republic
916,mgrushinpf,2023-03-24,China
917,aprawlepg,2023-07-31,Indonesia
918,fdonph,2023-04-05,Indonesia
919,ypalfreypi,2023-06-06,Poland
920,bneillypj,2022-12-22,China
921,jtaltonpk,2023-03-13,Indonesia
922,mmahodypl,2023-04-05,China
923,rcrowestpm,2022-12-02,France
924,broubypn,2023-05-24,Sweden
925,ddemannpo,2023-09-24,Colombia
926,qstamppp,2023-09-20,Indonesia
927,umullingerpq,2023-04-06,Indonesia
928,enuddepr,2023-03-22,Brazil
929,bcaulketps,2023-08-27,Senegal
930,mlongbottompt,2023-01-14,Poland
931,gcoatspu,2023-06-10,Portugal
932,kmatespv,2023-08-17,Indonesia
933,cdealmeidapw,2023-02-18,Jordan
934,blindenblattpx,2023-06-05,Ethiopia
935,blinnockpy,2023-05-02,Finland
936,wlewsleypz,2023-05-27,Argentina
937,gcakesq0,2023-08-01,Indonesia
938,bcorbittq1,2023-02-05,China
939,tsteensonq2,2023-08-19,Vietnam
940,ycockranq3,2023-04-02,China
941,kleckieq4,2023-04-30,Argentina
942,bcolwellq5,2023-04-22,Saudi Arabia
943,echaikovskiq6,2023-10-04,Indonesia
944,scarnilianq7,2023-11-05,United States
945,ccheltnamq8,2022-12-31,Pakistan
946,wbothamq9,2023-07-10,Russia
947,edaykinqa,2022-12-31,China
948,mstigellqb,2023-08-01,Argentina
949,tswabyqc,2023-06-07,Saint Vincent and the Grenadines
950,rpierpointqd,2023-03-10,South Africa
951,tdanielsohnqe,2023-01-03,Peru
952,twakelinqf,2023-07-02,Brazil
953,poshieldsqg,2023-05-23,Canada
954,lrodellqh,2023-01-01,Afghanistan
955,cjoncicqi,2023-10-31,Belarus
956,kwinearqj,2023-09-17,Brazil
957,ebowringqk,2023-06-12,Yemen
958,gchristofidesql,2022-12-05,Brazil
959,mgreenmonqm,2023-06-01,China
960,vgrishanovqn,2023-07-17,Indonesia
961,tpabelqo,2023-02-03,Georgia
962,bnoriegaqp,2023-01-02,Russia
963,fcomfordqq,2023-09-14,Philippines
964,lkobqr,2023-01-18,Indonesia
965,czylberdikqs,2023-06-01,China
966,sjosefssonqt,2023-02-10,China
967,mturnerqu,2023-11-13,China
968,cdepinnaqv,2023-07-07,China
969,cdraggeqw,2023-02-04,Colombia
970,zmcphelimyqx,2023-05-11,Czech Republic
971,smargrieqy,2023-07-09,Honduras
972,ttowndrowqz,2023-03-24,Russia
973,mquillinaner0,2023-02-20,Indonesia
974,mmelator1,2023-02-17,Poland
975,bjaillerr2,2023-07-01,China
976,ecornelisr3,2023-08-19,Albania
977,kworcesterr4,2023-06-01,Indonesia
978,cdackomber5,2023-01-24,Russia
979,ctummasuttir6,2022-12-31,Indonesia
980,asleathr7,2023-07-18,United States
981,prodenburgr8,2022-12-17,China
982,pivanyushkinr9,2023-05-16,Canada
983,apolliera,2023-07-01,China
984,mheiferrb,2023-03-27,China
985,raxelbeerc,2023-09-16,Greece
986,twarringtonrd,2023-06-16,Greece
987,mupcottre,2023-03-12,Poland
988,ckunklerrf,2023-10-29,Croatia
989,jlewknorrg,2023-10-02,Czech Republic
990,emeinekingrh,2023-01-07,France
991,ccallcottri,2023-08-25,Sweden
992,jborrillrj,2023-03-24,Indonesia
993,brosentholerrk,2023-05-11,Brazil
994,zsimkinsrl,2023-09-16,Philippines
995,ainworthrm,2023-07-03,Tanzania
996,kgarroldrn,2023-08-04,Sweden
997,dbenero,2022-12-27,Russia
998,jpfaffrp,2023-11-04,Slovenia
999,gmeadersrq,2023-05-27,Brazil
1000,asybryrr,2023-09-02,Poland
